date,ticker,status,action,created_size,created_price,exec_size,exec_price,exec_value,commission,size,price,value,pnl_gross,pnl_net,cash,portfolio_value
2010-02-02,AAPL,accepted,BUY,1198.0,27.81857109069824,0.0,0.0,0.0,0.0,,,,,,,
2010-02-02,AAPL,completed,BUY,1198.0,27.81857109069824,1198.0,27.98714256286621,33528.59679031372,33.52859679031372,,,,,,,
2010-02-02,AAPL,submitted,BUY,1198.0,27.81857109069824,0.0,0.0,0.0,0.0,,,,,,,
2010-02-02,MSFT,accepted,BUY,1173.0,28.40999984741211,0.0,0.0,0.0,0.0,,,,,,,
2010-02-02,MSFT,completed,BUY,1173.0,28.40999984741211,1173.0,28.3700008392334,33278.01098442078,33.278010984420774,,,,,,,
2010-02-02,MSFT,submitted,BUY,1173.0,28.40999984741211,0.0,0.0,0.0,0.0,,,,,,,
2010-02-02,NVDA,margin,BUY,2011.0,16.56999969482422,0.0,0.0,0.0,0.0,,,,,,,
2010-02-02,NVDA,submitted,BUY,2011.0,16.56999969482422,0.0,0.0,0.0,0.0,,,,,,,
2010-03-02,AAPL,accepted,SELL,-48.0,29.855714797973636,0.0,0.0,0.0,0.0,,,,,,,
2010-03-02,AAPL,completed,SELL,-48.0,29.855714797973636,-48.0,29.989999771118164,1343.3828430175781,1.4395199890136718,,,,,,,
2010-03-02,AAPL,submitted,SELL,-48.0,29.855714797973636,0.0,0.0,0.0,0.0,,,,,,,
2010-03-02,MSFT,accepted,BUY,9.0,29.020000457763672,0.0,0.0,0.0,0.0,,,,,,,
2010-03-02,MSFT,completed,BUY,9.0,29.020000457763672,9.0,29.079999923706048,261.71999931335444,0.2617199993133545,,,,,,,
2010-03-02,MSFT,submitted,BUY,9.0,29.020000457763672,0.0,0.0,0.0,0.0,,,,,,,
2010-03-02,NVDA,margin,BUY,2036.0,16.850000381469727,0.0,0.0,0.0,0.0,,,,,,,
2010-03-02,NVDA,submitted,BUY,2036.0,16.850000381469727,0.0,0.0,0.0,0.0,,,,,,,
2010-04-05,AAPL,accepted,SELL,-86.0,33.709999084472656,0.0,0.0,0.0,0.0,,,,,,,
2010-04-05,AAPL,completed,SELL,-86.0,33.709999084472656,-86.0,33.568572998046875,2406.894260406494,2.8868972778320314,,,,,,,
2010-04-05,AAPL,submitted,SELL,-86.0,33.709999084472656,0.0,0.0,0.0,0.0,,,,,,,
2010-04-05,MSFT,accepted,BUY,47.0,29.15999984741211,0.0,0.0,0.0,0.0,,,,,,,
2010-04-05,MSFT,completed,BUY,47.0,29.15999984741211,47.0,29.1299991607666,1369.1099605560303,1.3691099605560302,,,,,,,
2010-04-05,MSFT,submitted,BUY,47.0,29.15999984741211,0.0,0.0,0.0,0.0,,,,,,,
2010-04-05,NVDA,margin,BUY,2081.0,17.219999313354492,0.0,0.0,0.0,0.0,,,,,,,
2010-04-05,NVDA,submitted,BUY,2081.0,17.219999313354492,0.0,0.0,0.0,0.0,,,,,,,
2010-05-04,AAPL,accepted,SELL,-63.0,38.04999923706055,0.0,0.0,0.0,0.0,,,,,,,
2010-05-04,AAPL,completed,SELL,-63.0,38.04999923706055,-63.0,37.55571365356445,1763.1899814605713,2.3660099601745608,,,,,,,
2010-05-04,AAPL,submitted,SELL,-63.0,38.04999923706055,0.0,0.0,0.0,0.0,,,,,,,
2010-05-04,MSFT,accepted,BUY,4.0,30.86000061035156,0.0,0.0,0.0,0.0,,,,,,,
2010-05-04,MSFT,completed,BUY,4.0,30.86000061035156,4.0,30.520000457763672,122.08000183105469,0.12208000183105469,,,,,,,
2010-05-04,MSFT,submitted,BUY,4.0,30.86000061035156,0.0,0.0,0.0,0.0,,,,,,,
2010-05-04,NVDA,margin,BUY,2450.0,15.539999961853027,0.0,0.0,0.0,0.0,,,,,,,
2010-05-04,NVDA,submitted,BUY,2450.0,15.539999961853027,0.0,0.0,0.0,0.0,,,,,,,
2010-06-02,AAPL,accepted,SELL,-41.0,37.26142883300781,0.0,0.0,0.0,0.0,,,,,,,
2010-06-02,AAPL,completed,SELL,-41.0,37.26142883300781,-41.0,37.79142761230469,1147.4728450775146,1.5494485321044922,,,,,,,
2010-06-02,AAPL,submitted,SELL,-41.0,37.26142883300781,0.0,0.0,0.0,0.0,,,,,,,
2010-06-02,MSFT,accepted,BUY,148.0,25.88999938964844,0.0,0.0,0.0,0.0,,,,,,,
2010-06-02,MSFT,completed,BUY,148.0,25.88999938964844,148.0,26.059999465942383,3856.8799209594727,3.8568799209594724,,,,,,,
2010-06-02,MSFT,submitted,BUY,148.0,25.88999938964844,0.0,0.0,0.0,0.0,,,,,,,
2010-06-02,NVDA,margin,BUY,2842.0,12.579999923706056,0.0,0.0,0.0,0.0,,,,,,,
2010-06-02,NVDA,submitted,BUY,2842.0,12.579999923706056,0.0,0.0,0.0,0.0,,,,,,,
2010-07-02,AAPL,accepted,SELL,-3.0,35.49714279174805,0.0,0.0,0.0,0.0,,,,,,,
2010-07-02,AAPL,completed,SELL,-3.0,35.49714279174805,-3.0,35.78428649902344,83.96142768859863,0.10735285949707031,,,,,,,
2010-07-02,AAPL,submitted,SELL,-3.0,35.49714279174805,0.0,0.0,0.0,0.0,,,,,,,
2010-07-02,MSFT,accepted,BUY,84.0,23.15999984741211,0.0,0.0,0.0,0.0,,,,,,,
2010-07-02,MSFT,completed,BUY,84.0,23.15999984741211,84.0,23.36000061035156,1962.240051269531,1.962240051269531,,,,,,,
2010-07-02,MSFT,submitted,BUY,84.0,23.15999984741211,0.0,0.0,0.0,0.0,,,,,,,
2010-07-02,NVDA,margin,BUY,3269.0,10.380000114440918,0.0,0.0,0.0,0.0,,,,,,,
2010-07-02,NVDA,submitted,BUY,3269.0,10.380000114440918,0.0,0.0,0.0,0.0,,,,,,,
2010-08-03,AAPL,accepted,BUY,7.0,37.40714263916016,0.0,0.0,0.0,0.0,,,,,,,
2010-08-03,AAPL,completed,BUY,7.0,37.40714263916016,7.0,37.28714370727539,261.01000595092773,0.2610100059509277,,,,,,,
2010-08-03,AAPL,submitted,BUY,7.0,37.40714263916016,0.0,0.0,0.0,0.0,,,,,,,
2010-08-03,MSFT,accepted,SELL,-94.0,26.32999992370605,0.0,0.0,0.0,0.0,,,,,,,
2010-08-03,MSFT,completed,SELL,-94.0,26.32999992370605,-94.0,26.200000762939453,2621.09477564841,2.4628000717163085,,,,,,,
2010-08-03,MSFT,submitted,SELL,-94.0,26.32999992370605,0.0,0.0,0.0,0.0,,,,,,,
2010-08-03,NVDA,margin,BUY,3931.0,9.18000030517578,0.0,0.0,0.0,0.0,,,,,,,
2010-08-03,NVDA,submitted,BUY,3931.0,9.18000030517578,0.0,0.0,0.0,0.0,,,,,,,
2010-09-02,MSFT,accepted,BUY,70.0,23.899999618530277,0.0,0.0,0.0,0.0,,,,,,,
2010-09-02,MSFT,completed,BUY,70.0,23.899999618530277,70.0,23.8799991607666,1671.599941253662,1.6715999412536622,,,,,,,
2010-09-02,MSFT,submitted,BUY,70.0,23.899999618530277,0.0,0.0,0.0,0.0,,,,,,,
2010-09-02,NVDA,margin,BUY,3664.0,9.399999618530272,0.0,0.0,0.0,0.0,,,,,,,
2010-09-02,NVDA,submitted,BUY,3664.0,9.399999618530272,0.0,0.0,0.0,0.0,,,,,,,
2010-10-04,AAPL,accepted,SELL,-68.0,40.36000061035156,0.0,0.0,0.0,0.0,,,,,,,
2010-10-04,AAPL,completed,SELL,-68.0,40.36000061035156,-68.0,40.22857284545898,1907.7178110225566,2.7355429534912106,,,,,,,
2010-10-04,AAPL,submitted,SELL,-68.0,40.36000061035156,0.0,0.0,0.0,0.0,,,,,,,
2010-10-04,MSFT,accepted,BUY,41.0,24.3799991607666,0.0,0.0,0.0,0.0,,,,,,,
2010-10-04,MSFT,completed,BUY,41.0,24.3799991607666,41.0,23.959999084472656,982.3599624633789,0.982359962463379,,,,,,,
2010-10-04,MSFT,submitted,BUY,41.0,24.3799991607666,0.0,0.0,0.0,0.0,,,,,,,
2010-10-04,NVDA,margin,BUY,3185.0,11.350000381469728,0.0,0.0,0.0,0.0,,,,,,,
2010-10-04,NVDA,submitted,BUY,3185.0,11.350000381469728,0.0,0.0,0.0,0.0,,,,,,,
2010-11-02,AAPL,accepted,SELL,-13.0,43.45428466796875,0.0,0.0,0.0,0.0,,,,,,,
2010-11-02,AAPL,completed,SELL,-13.0,43.45428466796875,-13.0,43.85714340209961,364.7107579896064,0.570142864227295,,,,,,,
2010-11-02,AAPL,submitted,SELL,-13.0,43.45428466796875,0.0,0.0,0.0,0.0,,,,,,,
2010-11-02,MSFT,accepted,SELL,-59.0,26.950000762939453,0.0,0.0,0.0,0.0,,,,,,,
2010-11-02,MSFT,completed,SELL,-59.0,26.950000762939453,-59.0,27.059999465942383,1627.5920760720055,1.5965399684906008,,,,,,,
2010-11-02,MSFT,submitted,SELL,-59.0,26.950000762939453,0.0,0.0,0.0,0.0,,,,,,,
2010-11-02,NVDA,margin,BUY,3184.0,12.039999961853027,0.0,0.0,0.0,0.0,,,,,,,
2010-11-02,NVDA,submitted,BUY,3184.0,12.039999961853027,0.0,0.0,0.0,0.0,,,,,,,
2010-12-02,AAPL,accepted,SELL,-32.0,45.20000076293945,0.0,0.0,0.0,0.0,,,,,,,
2010-12-02,AAPL,completed,SELL,-32.0,45.20000076293945,-32.0,45.361427307128906,897.7495581282619,1.451565673828125,,,,,,,
2010-12-02,AAPL,submitted,SELL,-32.0,45.20000076293945,0.0,0.0,0.0,0.0,,,,,,,
2010-12-02,MSFT,accepted,BUY,52.0,26.040000915527344,0.0,0.0,0.0,0.0,,,,,,,
2010-12-02,MSFT,completed,BUY,52.0,26.040000915527344,52.0,26.239999771118164,1364.4799880981445,1.3644799880981446,,,,,,,
2010-12-02,MSFT,submitted,BUY,52.0,26.040000915527344,0.0,0.0,0.0,0.0,,,,,,,
2010-12-02,NVDA,margin,BUY,2704.0,14.210000038146973,0.0,0.0,0.0,0.0,,,,,,,
2010-12-02,NVDA,submitted,BUY,2704.0,14.210000038146973,0.0,0.0,0.0,0.0,,,,,,,
2011-01-04,AAPL,accepted,SELL,-3.0,47.08142852783203,0.0,0.0,0.0,0.0,,,,,,,
2011-01-04,AAPL,completed,SELL,-3.0,47.08142852783203,-3.0,47.49142837524414,84.16402107452456,0.14247428512573243,,,,,,,
2011-01-04,AAPL,submitted,SELL,-3.0,47.08142852783203,0.0,0.0,0.0,0.0,,,,,,,
2011-01-04,MSFT,accepted,SELL,-48.0,27.979999542236328,0.0,0.0,0.0,0.0,,,,,,,
2011-01-04,MSFT,completed,SELL,-48.0,27.979999542236328,-48.0,27.940000534057617,1321.8644813595658,1.3411200256347657,,,,,,,
2011-01-04,MSFT,submitted,SELL,-48.0,27.979999542236328,0.0,0.0,0.0,0.0,,,,,,,
2011-01-04,NVDA,margin,BUY,2523.0,15.81999969482422,0.0,0.0,0.0,0.0,,,,,,,
2011-01-04,NVDA,submitted,BUY,2523.0,15.81999969482422,0.0,0.0,0.0,0.0,,,,,,,
2011-02-02,AAPL,accepted,SELL,-25.0,49.290000915527344,0.0,0.0,0.0,0.0,,,,,,,
2011-02-02,AAPL,completed,SELL,-25.0,49.290000915527344,-25.0,49.2071418762207,701.3668422877047,1.2301785469055178,,,,,,,
2011-02-02,AAPL,submitted,SELL,-25.0,49.290000915527344,0.0,0.0,0.0,0.0,,,,,,,
2011-02-02,MSFT,accepted,BUY,21.0,27.989999771118164,0.0,0.0,0.0,0.0,,,,,,,
2011-02-02,MSFT,completed,BUY,21.0,27.989999771118164,21.0,27.93000030517578,586.5300064086914,0.5865300064086915,,,,,,,
2011-02-02,MSFT,submitted,BUY,21.0,27.989999771118164,0.0,0.0,0.0,0.0,,,,,,,
2011-02-02,NVDA,margin,BUY,1656.0,24.46999931335449,0.0,0.0,0.0,0.0,,,,,,,
2011-02-02,NVDA,submitted,BUY,1656.0,24.46999931335449,0.0,0.0,0.0,0.0,,,,,,,
2011-03-02,AAPL,accepted,SELL,-24.0,49.90142822265625,0.0,0.0,0.0,0.0,,,,,,,
2011-03-02,AAPL,completed,SELL,-24.0,49.90142822265625,-24.0,49.994285583496094,673.3121685961964,1.1998628540039062,,,,,,,
2011-03-02,AAPL,submitted,SELL,-24.0,49.90142822265625,0.0,0.0,0.0,0.0,,,,,,,
2011-03-02,MSFT,accepted,BUY,74.0,26.15999984741211,0.0,0.0,0.0,0.0,,,,,,,
2011-03-02,MSFT,completed,BUY,74.0,26.15999984741211,74.0,26.11000061035156,1932.1400451660154,1.9321400451660153,,,,,,,
2011-03-02,MSFT,submitted,BUY,74.0,26.15999984741211,0.0,0.0,0.0,0.0,,,,,,,
2011-03-02,NVDA,margin,BUY,1839.0,21.649999618530277,0.0,0.0,0.0,0.0,,,,,,,
2011-03-02,NVDA,submitted,BUY,1839.0,21.649999618530277,0.0,0.0,0.0,0.0,,,,,,,
2011-04-04,MSFT,accepted,BUY,20.0,25.479999542236328,0.0,0.0,0.0,0.0,,,,,,,
2011-04-04,MSFT,completed,BUY,20.0,25.479999542236328,20.0,25.450000762939453,509.00001525878906,0.509000015258789,,,,,,,
2011-04-04,MSFT,submitted,BUY,20.0,25.479999542236328,0.0,0.0,0.0,0.0,,,,,,,
2011-04-04,NVDA,margin,BUY,2159.0,18.200000762939453,0.0,0.0,0.0,0.0,,,,,,,
2011-04-04,NVDA,submitted,BUY,2159.0,18.200000762939453,0.0,0.0,0.0,0.0,,,,,,,
2011-05-03,AAPL,accepted,SELL,-1.0,49.46857070922852,0.0,0.0,0.0,0.0,,,,,,,
2011-05-03,AAPL,completed,SELL,-1.0,49.46857070922852,-1.0,49.71285629272461,28.054673691508185,0.04971285629272461,,,,,,,
2011-05-03,AAPL,submitted,SELL,-1.0,49.46857070922852,0.0,0.0,0.0,0.0,,,,,,,
2011-05-03,MSFT,accepted,SELL,-4.0,25.65999984741211,0.0,0.0,0.0,0.0,,,,,,,
2011-05-03,MSFT,completed,SELL,-4.0,25.65999984741211,-4.0,25.600000381469727,109.79403253934869,0.10240000152587891,,,,,,,
2011-05-03,MSFT,submitted,SELL,-4.0,25.65999984741211,0.0,0.0,0.0,0.0,,,,,,,
2011-05-03,NVDA,margin,BUY,2000.0,19.729999542236328,0.0,0.0,0.0,0.0,,,,,,,
2011-05-03,NVDA,submitted,BUY,2000.0,19.729999542236328,0.0,0.0,0.0,0.0,,,,,,,
2011-06-02,AAPL,accepted,SELL,-11.0,49.35857009887695,0.0,0.0,0.0,0.0,,,,,,,
2011-06-02,AAPL,completed,SELL,-11.0,49.35857009887695,-11.0,49.5,308.60141060659004,0.5445,,,,,,,
2011-06-02,AAPL,submitted,SELL,-11.0,49.35857009887695,0.0,0.0,0.0,0.0,,,,,,,
2011-06-02,MSFT,accepted,BUY,50.0,24.43000030517578,0.0,0.0,0.0,0.0,,,,,,,
2011-06-02,MSFT,completed,BUY,50.0,24.43000030517578,50.0,24.489999771118164,1224.4999885559082,1.2244999885559082,,,,,,,
2011-06-02,MSFT,submitted,BUY,50.0,24.43000030517578,0.0,0.0,0.0,0.0,,,,,,,
2011-06-02,NVDA,margin,BUY,2027.0,19.13999938964844,0.0,0.0,0.0,0.0,,,,,,,
2011-06-02,NVDA,submitted,BUY,2027.0,19.13999938964844,0.0,0.0,0.0,0.0,,,,,,,
2011-07-05,AAPL,accepted,BUY,19.0,49.03714370727539,0.0,0.0,0.0,0.0,,,,,,,
2011-07-05,AAPL,completed,BUY,19.0,49.03714370727539,19.0,49.0,931.0,0.9309999999999999,,,,,,,
2011-07-05,AAPL,submitted,BUY,19.0,49.03714370727539,0.0,0.0,0.0,0.0,,,,,,,
2011-07-05,MSFT,accepted,SELL,-67.0,26.020000457763672,0.0,0.0,0.0,0.0,,,,,,,
2011-07-05,MSFT,completed,SELL,-67.0,26.020000457763672,-67.0,26.100000381469727,1832.808859254205,1.7487000255584717,,,,,,,
2011-07-05,MSFT,submitted,SELL,-67.0,26.020000457763672,0.0,0.0,0.0,0.0,,,,,,,
2011-07-05,NVDA,margin,BUY,2449.0,16.149999618530273,0.0,0.0,0.0,0.0,,,,,,,
2011-07-05,NVDA,submitted,BUY,2449.0,16.149999618530273,0.0,0.0,0.0,0.0,,,,,,,
2011-08-02,AAPL,accepted,SELL,-60.0,56.67856979370117,0.0,0.0,0.0,0.0,,,,,,,
2011-08-02,AAPL,completed,SELL,-60.0,56.67856979370117,-60.0,56.80714416503906,1712.905324705976,3.4084286499023437,,,,,,,
2011-08-02,AAPL,submitted,SELL,-60.0,56.67856979370117,0.0,0.0,0.0,0.0,,,,,,,
2011-08-02,MSFT,accepted,BUY,28.0,27.270000457763672,0.0,0.0,0.0,0.0,,,,,,,
2011-08-02,MSFT,completed,BUY,28.0,27.270000457763672,28.0,26.979999542236328,755.4399871826172,0.7554399871826172,,,,,,,
2011-08-02,MSFT,submitted,BUY,28.0,27.270000457763672,0.0,0.0,0.0,0.0,,,,,,,
2011-08-02,NVDA,margin,BUY,2899.0,14.56999969482422,0.0,0.0,0.0,0.0,,,,,,,
2011-08-02,NVDA,submitted,BUY,2899.0,14.56999969482422,0.0,0.0,0.0,0.0,,,,,,,
2011-09-02,AAPL,accepted,BUY,9.0,54.43285751342773,0.0,0.0,0.0,0.0,,,,,,,
2011-09-02,AAPL,completed,BUY,9.0,54.43285751342773,9.0,53.53428649902344,481.80857849121094,0.481808578491211,,,,,,,
2011-09-02,AAPL,submitted,BUY,9.0,54.43285751342773,0.0,0.0,0.0,0.0,,,,,,,
2011-09-02,MSFT,accepted,BUY,20.0,26.209999084472656,0.0,0.0,0.0,0.0,,,,,,,
2011-09-02,MSFT,completed,BUY,20.0,26.209999084472656,20.0,25.780000686645508,515.6000137329102,0.5156000137329102,,,,,,,
2011-09-02,MSFT,submitted,BUY,20.0,26.209999084472656,0.0,0.0,0.0,0.0,,,,,,,
2011-09-02,NVDA,accepted,BUY,3098.0,13.279999732971191,0.0,0.0,0.0,0.0,,,,,,,
2011-09-02,NVDA,completed,BUY,3098.0,13.279999732971191,3098.0,12.979999542236328,40212.038581848145,40.21203858184814,,,,,,,
2011-09-02,NVDA,submitted,BUY,3098.0,13.279999732971191,0.0,0.0,0.0,0.0,,,,,,,
2011-10-04,AAPL,accepted,SELL,-29.0,53.514286041259766,0.0,0.0,0.0,0.0,,,,,,,
2011-10-04,AAPL,completed,SELL,-29.0,53.514286041259766,-29.0,53.5099983215332,836.5417377762426,1.551789951324463,,,,,,,
2011-10-04,AAPL,submitted,SELL,-29.0,53.514286041259766,0.0,0.0,0.0,0.0,,,,,,,
2011-10-04,MSFT,accepted,BUY,13.0,24.530000686645508,0.0,0.0,0.0,0.0,,,,,,,
2011-10-04,MSFT,completed,BUY,13.0,24.530000686645508,13.0,24.299999237060547,315.8999900817871,0.31589999008178715,,,,,,,
2011-10-04,MSFT,submitted,BUY,13.0,24.530000686645508,0.0,0.0,0.0,0.0,,,,,,,
2011-10-04,NVDA,margin,BUY,188.0,11.8100004196167,0.0,0.0,0.0,0.0,,,,,,,
2011-10-04,NVDA,submitted,BUY,188.0,11.8100004196167,0.0,0.0,0.0,0.0,,,,,,,
2011-11-02,AAPL,accepted,BUY,27.0,56.644287109375,0.0,0.0,0.0,0.0,,,,,,,
2011-11-02,AAPL,completed,BUY,27.0,56.644287109375,27.0,57.15571594238281,1543.204330444336,1.543204330444336,,,,,,,
2011-11-02,AAPL,submitted,BUY,27.0,56.644287109375,0.0,0.0,0.0,0.0,,,,,,,
2011-11-02,MSFT,margin,BUY,59.0,25.989999771118164,0.0,0.0,0.0,0.0,,,,,,,
2011-11-02,MSFT,submitted,BUY,59.0,25.989999771118164,0.0,0.0,0.0,0.0,,,,,,,
2011-11-02,NVDA,accepted,SELL,-63.0,14.0600004196167,0.0,0.0,0.0,0.0,,,,,,,
2011-11-02,NVDA,completed,SELL,-63.0,14.0600004196167,-63.0,14.199999809265137,817.7399711608887,0.8945999879837037,,,,,,,
2011-11-02,NVDA,submitted,SELL,-63.0,14.0600004196167,0.0,0.0,0.0,0.0,,,,,,,
2011-12-02,AAPL,margin,BUY,36.0,55.41857147216797,0.0,0.0,0.0,0.0,,,,,,,
2011-12-02,AAPL,submitted,BUY,36.0,55.41857147216797,0.0,0.0,0.0,0.0,,,,,,,
2011-12-02,MSFT,margin,BUY,149.0,25.280000686645508,0.0,0.0,0.0,0.0,,,,,,,
2011-12-02,MSFT,submitted,BUY,149.0,25.280000686645508,0.0,0.0,0.0,0.0,,,,,,,
2011-12-02,NVDA,accepted,SELL,-268.0,15.81999969482422,0.0,0.0,0.0,0.0,,,,,,,
2011-12-02,NVDA,completed,SELL,-268.0,15.81999969482422,-268.0,15.989999771118164,3478.639877319336,4.2853199386596685,,,,,,,
2011-12-02,NVDA,submitted,SELL,-268.0,15.81999969482422,0.0,0.0,0.0,0.0,,,,,,,
2012-01-04,AAPL,accepted,SELL,-8.0,58.74714279174805,0.0,0.0,0.0,0.0,,,,,,,
2012-01-04,AAPL,completed,SELL,-8.0,58.74714279174805,-8.0,58.57143020629883,238.8907733510786,0.4685714416503906,,,,,,,
2012-01-04,AAPL,submitted,SELL,-8.0,58.74714279174805,0.0,0.0,0.0,0.0,,,,,,,
2012-01-04,MSFT,accepted,BUY,52.0,26.770000457763672,0.0,0.0,0.0,0.0,,,,,,,
2012-01-04,MSFT,completed,BUY,52.0,26.770000457763672,52.0,26.81999969482422,1394.6399841308594,1.3946399841308594,,,,,,,
2012-01-04,MSFT,submitted,BUY,52.0,26.770000457763672,0.0,0.0,0.0,0.0,,,,,,,
2012-01-04,NVDA,accepted,BUY,349.0,14.039999961853027,0.0,0.0,0.0,0.0,,,,,,,
2012-01-04,NVDA,completed,BUY,349.0,14.039999961853027,349.0,14.050000190734863,4903.450066566467,4.903450066566467,,,,,,,
2012-01-04,NVDA,submitted,BUY,349.0,14.039999961853027,0.0,0.0,0.0,0.0,,,,,,,
2012-02-02,AAPL,accepted,SELL,-8.0,65.16999816894531,0.0,0.0,0.0,0.0,,,,,,,
2012-02-02,AAPL,completed,SELL,-8.0,65.16999816894531,-8.0,65.12857055664062,238.8907733510786,0.5210285644531251,,,,,,,
2012-02-02,AAPL,submitted,SELL,-8.0,65.16999816894531,0.0,0.0,0.0,0.0,,,,,,,
2012-02-02,MSFT,accepted,SELL,-29.0,29.88999938964844,0.0,0.0,0.0,0.0,,,,,,,
2012-02-02,MSFT,completed,SELL,-29.0,29.88999938964844,-29.0,29.899999618530277,791.360600892579,0.867099988937378,,,,,,,
2012-02-02,MSFT,submitted,SELL,-29.0,29.88999938964844,0.0,0.0,0.0,0.0,,,,,,,
2012-02-02,NVDA,margin,BUY,97.0,14.93000030517578,0.0,0.0,0.0,0.0,,,,,,,
2012-02-02,NVDA,submitted,BUY,97.0,14.93000030517578,0.0,0.0,0.0,0.0,,,,,,,
2012-03-02,AAPL,accepted,SELL,-59.0,77.78142547607422,0.0,0.0,0.0,0.0,,,,,,,
2012-03-02,AAPL,completed,SELL,-59.0,77.78142547607422,-59.0,77.74857330322266,1761.8194534642046,4.587165824890137,,,,,,,
2012-03-02,AAPL,submitted,SELL,-59.0,77.78142547607422,0.0,0.0,0.0,0.0,,,,,,,
2012-03-02,MSFT,accepted,BUY,26.0,32.290000915527344,0.0,0.0,0.0,0.0,,,,,,,
2012-03-02,MSFT,completed,BUY,26.0,32.290000915527344,26.0,32.310001373291016,840.0600357055664,0.8400600357055665,,,,,,,
2012-03-02,MSFT,submitted,BUY,26.0,32.290000915527344,0.0,0.0,0.0,0.0,,,,,,,
2012-03-02,NVDA,margin,BUY,338.0,15.25,0.0,0.0,0.0,0.0,,,,,,,
2012-03-02,NVDA,submitted,BUY,338.0,15.25,0.0,0.0,0.0,0.0,,,,,,,
2012-04-03,AAPL,accepted,SELL,-53.0,88.37571716308594,0.0,0.0,0.0,0.0,,,,,,,
2012-04-03,AAPL,completed,SELL,-53.0,88.37571716308594,-53.0,89.61428833007812,1582.6513734508958,4.74955728149414,,,,,,,
2012-04-03,AAPL,submitted,SELL,-53.0,88.37571716308594,0.0,0.0,0.0,0.0,,,,,,,
2012-04-03,MSFT,accepted,BUY,77.0,32.290000915527344,0.0,0.0,0.0,0.0,,,,,,,
2012-04-03,MSFT,completed,BUY,77.0,32.290000915527344,77.0,32.15999984741211,2476.3199882507324,2.4763199882507325,,,,,,,
2012-04-03,MSFT,submitted,BUY,77.0,32.290000915527344,0.0,0.0,0.0,0.0,,,,,,,
2012-04-03,NVDA,margin,BUY,482.0,15.329999923706056,0.0,0.0,0.0,0.0,,,,,,,
2012-04-03,NVDA,submitted,BUY,482.0,15.329999923706056,0.0,0.0,0.0,0.0,,,,,,,
2012-05-02,AAPL,accepted,SELL,-2.0,83.16143035888672,0.0,0.0,0.0,0.0,,,,,,,
2012-05-02,AAPL,completed,SELL,-2.0,83.16143035888672,-2.0,82.89142608642578,59.72269333776965,0.16578285217285157,,,,,,,
2012-05-02,AAPL,submitted,SELL,-2.0,83.16143035888672,0.0,0.0,0.0,0.0,,,,,,,
2012-05-02,MSFT,accepted,SELL,-91.0,32.0099983215332,0.0,0.0,0.0,0.0,,,,,,,
2012-05-02,MSFT,completed,SELL,-91.0,32.0099983215332,-91.0,31.850000381469727,2510.1772479727506,2.898350034713745,,,,,,,
2012-05-02,MSFT,submitted,SELL,-91.0,32.0099983215332,0.0,0.0,0.0,0.0,,,,,,,
2012-05-02,NVDA,margin,BUY,796.0,13.229999542236328,0.0,0.0,0.0,0.0,,,,,,,
2012-05-02,NVDA,submitted,BUY,796.0,13.229999542236328,0.0,0.0,0.0,0.0,,,,,,,
2012-06-04,AAPL,accepted,SELL,-25.0,80.14142608642578,0.0,0.0,0.0,0.0,,,,,,,
2012-06-04,AAPL,completed,SELL,-25.0,80.14142608642578,-25.0,80.21428680419922,746.5336667221206,2.0053571701049804,,,,,,,
2012-06-04,AAPL,submitted,SELL,-25.0,80.14142608642578,0.0,0.0,0.0,0.0,,,,,,,
2012-06-04,MSFT,accepted,BUY,66.0,28.450000762939453,0.0,0.0,0.0,0.0,,,,,,,
2012-06-04,MSFT,completed,BUY,66.0,28.450000762939453,66.0,28.6200008392334,1888.9200553894043,1.8889200553894043,,,,,,,
2012-06-04,MSFT,submitted,BUY,66.0,28.450000762939453,0.0,0.0,0.0,0.0,,,,,,,
2012-06-04,NVDA,accepted,BUY,882.0,11.979999542236328,0.0,0.0,0.0,0.0,,,,,,,
2012-06-04,NVDA,margin,BUY,882.0,11.979999542236328,0.0,0.0,0.0,0.0,,,,,,,
2012-06-04,NVDA,submitted,BUY,882.0,11.979999542236328,0.0,0.0,0.0,0.0,,,,,,,
2012-07-03,AAPL,accepted,BUY,10.0,84.64571380615234,0.0,0.0,0.0,0.0,,,,,,,
2012-07-03,AAPL,completed,BUY,10.0,84.64571380615234,10.0,84.98285675048828,849.8285675048828,0.8498285675048828,,,,,,,
2012-07-03,AAPL,submitted,BUY,10.0,84.64571380615234,0.0,0.0,0.0,0.0,,,,,,,
2012-07-03,MSFT,accepted,BUY,2.0,30.559999465942383,0.0,0.0,0.0,0.0,,,,,,,
2012-07-03,MSFT,completed,BUY,2.0,30.559999465942383,2.0,30.229999542236328,60.459999084472656,0.06045999908447266,,,,,,,
2012-07-03,MSFT,submitted,BUY,2.0,30.559999465942383,0.0,0.0,0.0,0.0,,,,,,,
2012-07-03,NVDA,accepted,BUY,713.0,13.449999809265137,0.0,0.0,0.0,0.0,,,,,,,
2012-07-03,NVDA,completed,BUY,713.0,13.449999809265137,713.0,13.449999809265137,9589.849864006042,9.589849864006043,,,,,,,
2012-07-03,NVDA,submitted,BUY,713.0,13.449999809265137,0.0,0.0,0.0,0.0,,,,,,,
2012-08-02,AAPL,accepted,SELL,-17.0,86.68714141845703,0.0,0.0,0.0,0.0,,,,,,,
2012-08-02,AAPL,completed,SELL,-17.0,86.68714141845703,-17.0,86.12000274658203,523.0551577030693,1.4640400466918946,,,,,,,
2012-08-02,AAPL,submitted,SELL,-17.0,86.68714141845703,0.0,0.0,0.0,0.0,,,,,,,
2012-08-02,MSFT,margin,BUY,55.0,29.40999984741211,0.0,0.0,0.0,0.0,,,,,,,
2012-08-02,MSFT,submitted,BUY,55.0,29.40999984741211,0.0,0.0,0.0,0.0,,,,,,,
2012-08-02,NVDA,margin,SELL,-5.0,13.390000343322754,0.0,0.0,0.0,0.0,,,,,,,
2012-08-02,NVDA,submitted,SELL,-5.0,13.390000343322754,0.0,0.0,0.0,0.0,,,,,,,
2012-09-05,AAPL,accepted,SELL,-35.0,96.42428588867188,0.0,0.0,0.0,0.0,,,,,,,
2012-09-05,AAPL,completed,SELL,-35.0,96.42428588867188,-35.0,96.51000213623048,1076.8782658592604,3.3778500747680673,,,,,,,
2012-09-05,AAPL,submitted,SELL,-35.0,96.42428588867188,0.0,0.0,0.0,0.0,,,,,,,
2012-09-05,MSFT,accepted,BUY,76.0,30.38999938964844,0.0,0.0,0.0,0.0,,,,,,,
2012-09-05,MSFT,completed,BUY,76.0,30.38999938964844,76.0,30.219999313354485,2296.719947814941,2.296719947814941,,,,,,,
2012-09-05,MSFT,submitted,BUY,76.0,30.38999938964844,0.0,0.0,0.0,0.0,,,,,,,
2012-09-05,NVDA,margin,BUY,201.0,13.279999732971191,0.0,0.0,0.0,0.0,,,,,,,
2012-09-05,NVDA,submitted,BUY,201.0,13.279999732971191,0.0,0.0,0.0,0.0,,,,,,,
2012-10-02,MSFT,accepted,BUY,15.0,29.489999771118164,0.0,0.0,0.0,0.0,,,,,,,
2012-10-02,MSFT,completed,BUY,15.0,29.489999771118164,15.0,29.68000030517578,445.2000045776367,0.4452000045776367,,,,,,,
2012-10-02,MSFT,submitted,BUY,15.0,29.489999771118164,0.0,0.0,0.0,0.0,,,,,,,
2012-10-02,NVDA,accepted,BUY,163.0,13.119999885559082,0.0,0.0,0.0,0.0,,,,,,,
2012-10-02,NVDA,margin,BUY,163.0,13.119999885559082,0.0,0.0,0.0,0.0,,,,,,,
2012-10-02,NVDA,submitted,BUY,163.0,13.119999885559082,0.0,0.0,0.0,0.0,,,,,,,
2012-11-02,AAPL,margin,BUY,30.0,85.22000122070312,0.0,0.0,0.0,0.0,,,,,,,
2012-11-02,AAPL,submitted,BUY,30.0,85.22000122070312,0.0,0.0,0.0,0.0,,,,,,,
2012-11-02,MSFT,accepted,SELL,-82.0,29.520000457763672,0.0,0.0,0.0,0.0,,,,,,,
2012-11-02,MSFT,completed,SELL,-82.0,29.520000457763672,-82.0,29.59000015258789,2276.017985032029,2.4263800125122073,,,,,,,
2012-11-02,MSFT,submitted,SELL,-82.0,29.520000457763672,0.0,0.0,0.0,0.0,,,,,,,
2012-11-02,NVDA,accepted,BUY,155.0,12.550000190734863,0.0,0.0,0.0,0.0,,,,,,,
2012-11-02,NVDA,completed,BUY,155.0,12.550000190734863,155.0,12.68000030517578,1965.4000473022459,1.9654000473022457,,,,,,,
2012-11-02,NVDA,submitted,BUY,155.0,12.550000190734863,0.0,0.0,0.0,0.0,,,,,,,
2012-12-04,AAPL,accepted,BUY,4.0,83.7414321899414,0.0,0.0,0.0,0.0,,,,,,,
2012-12-04,AAPL,completed,BUY,4.0,83.7414321899414,4.0,83.11428833007812,332.4571533203125,0.3324571533203125,,,,,,,
2012-12-04,AAPL,submitted,BUY,4.0,83.7414321899414,0.0,0.0,0.0,0.0,,,,,,,
2012-12-04,MSFT,accepted,BUY,81.0,26.43000030517578,0.0,0.0,0.0,0.0,,,,,,,
2012-12-04,MSFT,completed,BUY,81.0,26.43000030517578,81.0,26.5,2146.5,2.1465,,,,,,,
2012-12-04,MSFT,submitted,BUY,81.0,26.43000030517578,0.0,0.0,0.0,0.0,,,,,,,
2012-12-04,NVDA,accepted,BUY,8.0,11.75,0.0,0.0,0.0,0.0,,,,,,,
2012-12-04,NVDA,completed,BUY,8.0,11.75,8.0,11.770000457763672,94.16000366210938,0.09416000366210937,,,,,,,
2012-12-04,NVDA,submitted,BUY,8.0,11.75,0.0,0.0,0.0,0.0,,,,,,,
2013-01-03,AAPL,margin,BUY,50.0,78.43285369873047,0.0,0.0,0.0,0.0,,,,,,,
2013-01-03,AAPL,submitted,BUY,50.0,78.43285369873047,0.0,0.0,0.0,0.0,,,,,,,
2013-01-03,MSFT,margin,SELL,-40.0,27.6200008392334,0.0,0.0,0.0,0.0,,,,,,,
2013-01-03,MSFT,submitted,SELL,-40.0,27.6200008392334,0.0,0.0,0.0,0.0,,,,,,,
2013-01-03,NVDA,accepted,SELL,-224.0,12.720000267028809,0.0,0.0,0.0,0.0,,,,,,,
2013-01-03,NVDA,completed,SELL,-224.0,12.720000267028809,-224.0,12.720000267028809,2944.125298631932,2.849280059814453,,,,,,,
2013-01-03,NVDA,submitted,SELL,-224.0,12.720000267028809,0.0,0.0,0.0,0.0,,,,,,,
2013-02-04,AAPL,margin,BUY,136.0,64.8028564453125,0.0,0.0,0.0,0.0,,,,,,,
2013-02-04,AAPL,submitted,BUY,136.0,64.8028564453125,0.0,0.0,0.0,0.0,,,,,,,
2013-02-04,MSFT,margin,SELL,-159.0,27.93000030517578,0.0,0.0,0.0,0.0,,,,,,,
2013-02-04,MSFT,submitted,SELL,-159.0,27.93000030517578,0.0,0.0,0.0,0.0,,,,,,,
2013-02-04,NVDA,margin,SELL,-120.0,12.369999885559082,0.0,0.0,0.0,0.0,,,,,,,
2013-02-04,NVDA,submitted,SELL,-120.0,12.369999885559082,0.0,0.0,0.0,0.0,,,,,,,
2013-03-04,AAPL,margin,BUY,170.0,61.4957160949707,0.0,0.0,0.0,0.0,,,,,,,
2013-03-04,AAPL,submitted,BUY,170.0,61.4957160949707,0.0,0.0,0.0,0.0,,,,,,,
2013-03-04,MSFT,margin,SELL,-167.0,27.950000762939453,0.0,0.0,0.0,0.0,,,,,,,
2013-03-04,MSFT,submitted,SELL,-167.0,27.950000762939453,0.0,0.0,0.0,0.0,,,,,,,
2013-03-04,NVDA,accepted,SELL,-232.0,12.710000038146973,0.0,0.0,0.0,0.0,,,,,,,
2013-03-04,NVDA,completed,SELL,-232.0,12.710000038146973,-232.0,12.619999885559082,3049.2726307259295,2.927839973449707,,,,,,,
2013-03-04,NVDA,submitted,SELL,-232.0,12.710000038146973,0.0,0.0,0.0,0.0,,,,,,,
2013-04-02,AAPL,margin,BUY,173.0,61.272857666015625,0.0,0.0,0.0,0.0,,,,,,,
2013-04-02,AAPL,submitted,BUY,173.0,61.272857666015625,0.0,0.0,0.0,0.0,,,,,,,
2013-04-02,MSFT,accepted,SELL,-204.0,28.61000061035156,0.0,0.0,0.0,0.0,,,,,,,
2013-04-02,MSFT,completed,SELL,-204.0,28.61000061035156,-204.0,28.59000015258789,5650.593220167836,5.83236003112793,,,,,,,
2013-04-02,MSFT,submitted,SELL,-204.0,28.61000061035156,0.0,0.0,0.0,0.0,,,,,,,
2013-04-02,NVDA,margin,BUY,84.0,12.40999984741211,0.0,0.0,0.0,0.0,,,,,,,
2013-04-02,NVDA,submitted,BUY,84.0,12.40999984741211,0.0,0.0,0.0,0.0,,,,,,,
2013-05-02,AAPL,margin,BUY,217.0,62.75571441650391,0.0,0.0,0.0,0.0,,,,,,,
2013-05-02,AAPL,submitted,BUY,217.0,62.75571441650391,0.0,0.0,0.0,0.0,,,,,,,
2013-05-02,MSFT,accepted,SELL,-79.0,32.720001220703125,0.0,0.0,0.0,0.0,,,,,,,
2013-05-02,MSFT,completed,SELL,-79.0,32.720001220703125,-79.0,32.630001068115234,2188.2199234963678,2.5777700843811036,,,,,,,
2013-05-02,MSFT,submitted,SELL,-79.0,32.720001220703125,0.0,0.0,0.0,0.0,,,,,,,
2013-05-02,NVDA,accepted,BUY,40.0,13.649999618530272,0.0,0.0,0.0,0.0,,,,,,,
2013-05-02,NVDA,completed,BUY,40.0,13.649999618530272,40.0,13.640000343322754,545.6000137329102,0.5456000137329101,,,,,,,
2013-05-02,NVDA,submitted,BUY,40.0,13.649999618530272,0.0,0.0,0.0,0.0,,,,,,,
2013-06-04,AAPL,margin,BUY,239.0,64.3885726928711,0.0,0.0,0.0,0.0,,,,,,,
2013-06-04,AAPL,submitted,BUY,239.0,64.3885726928711,0.0,0.0,0.0,0.0,,,,,,,
2013-06-04,MSFT,margin,SELL,-45.0,35.59000015258789,0.0,0.0,0.0,0.0,,,,,,,
2013-06-04,MSFT,submitted,SELL,-45.0,35.59000015258789,0.0,0.0,0.0,0.0,,,,,,,
2013-06-04,NVDA,accepted,SELL,-12.0,14.449999809265137,0.0,0.0,0.0,0.0,,,,,,,
2013-06-04,NVDA,completed,SELL,-12.0,14.449999809265137,-12.0,14.539999961853027,157.7876536888585,0.17447999954223634,,,,,,,
2013-06-04,NVDA,submitted,SELL,-12.0,14.449999809265137,0.0,0.0,0.0,0.0,,,,,,,
2013-07-02,AAPL,margin,BUY,284.0,58.459999084472656,0.0,0.0,0.0,0.0,,,,,,,
2013-07-02,AAPL,submitted,BUY,284.0,58.459999084472656,0.0,0.0,0.0,0.0,,,,,,,
2013-07-02,MSFT,margin,SELL,-55.0,34.36000061035156,0.0,0.0,0.0,0.0,,,,,,,
2013-07-02,MSFT,submitted,SELL,-55.0,34.36000061035156,0.0,0.0,0.0,0.0,,,,,,,
2013-07-02,NVDA,margin,SELL,-63.0,14.100000381469728,0.0,0.0,0.0,0.0,,,,,,,
2013-07-02,NVDA,submitted,SELL,-63.0,14.100000381469728,0.0,0.0,0.0,0.0,,,,,,,
2013-08-02,AAPL,accepted,BUY,205.0,65.23999786376953,0.0,0.0,0.0,0.0,,,,,,,
2013-08-02,AAPL,completed,BUY,205.0,65.23999786376953,205.0,65.43000030517578,13413.150062561035,13.413150062561035,,,,,,,
2013-08-02,AAPL,submitted,BUY,205.0,65.23999786376953,0.0,0.0,0.0,0.0,,,,,,,
2013-08-02,MSFT,margin,BUY,84.0,31.670000076293945,0.0,0.0,0.0,0.0,,,,,,,
2013-08-02,MSFT,submitted,BUY,84.0,31.670000076293945,0.0,0.0,0.0,0.0,,,,,,,
2013-08-02,NVDA,accepted,SELL,-153.0,14.640000343322754,0.0,0.0,0.0,0.0,,,,,,,
2013-08-02,NVDA,completed,SELL,-153.0,14.640000343322754,-153.0,14.609999656677246,2011.7925845329462,2.2353299474716186,,,,,,,
2013-08-02,NVDA,submitted,SELL,-153.0,14.640000343322754,0.0,0.0,0.0,0.0,,,,,,,
2013-09-04,AAPL,accepted,SELL,-29.0,69.7971420288086,0.0,0.0,0.0,0.0,,,,,,,
2013-09-04,AAPL,completed,SELL,-29.0,69.7971420288086,-29.0,71.36571502685547,1169.575218779992,2.0696057357788087,,,,,,,
2013-09-04,AAPL,submitted,SELL,-29.0,69.7971420288086,0.0,0.0,0.0,0.0,,,,,,,
2013-09-04,MSFT,accepted,BUY,117.0,31.8799991607666,0.0,0.0,0.0,0.0,,,,,,,
2013-09-04,MSFT,completed,BUY,117.0,31.8799991607666,117.0,31.38999938964844,3672.6299285888676,3.6726299285888677,,,,,,,
2013-09-04,MSFT,submitted,BUY,117.0,31.8799991607666,0.0,0.0,0.0,0.0,,,,,,,
2013-09-04,NVDA,margin,BUY,65.0,14.760000228881836,0.0,0.0,0.0,0.0,,,,,,,
2013-09-04,NVDA,submitted,BUY,65.0,14.760000228881836,0.0,0.0,0.0,0.0,,,,,,,
2013-10-02,AAPL,margin,BUY,26.0,69.70857238769531,0.0,0.0,0.0,0.0,,,,,,,
2013-10-02,AAPL,submitted,BUY,26.0,69.70857238769531,0.0,0.0,0.0,0.0,,,,,,,
2013-10-02,MSFT,accepted,SELL,-26.0,33.58000183105469,0.0,0.0,0.0,0.0,,,,,,,
2013-10-02,MSFT,completed,SELL,-26.0,33.58000183105469,-26.0,33.36000061035156,727.1519313481338,0.8673600158691407,,,,,,,
2013-10-02,MSFT,submitted,SELL,-26.0,33.58000183105469,0.0,0.0,0.0,0.0,,,,,,,
2013-10-02,NVDA,margin,BUY,6.0,15.550000190734863,0.0,0.0,0.0,0.0,,,,,,,
2013-10-02,NVDA,submitted,BUY,6.0,15.550000190734863,0.0,0.0,0.0,0.0,,,,,,,
2013-11-04,AAPL,accepted,BUY,3.0,74.29000091552734,0.0,0.0,0.0,0.0,,,,,,,
2013-11-04,AAPL,completed,BUY,3.0,74.29000091552734,3.0,74.44285583496094,223.3285675048828,0.2233285675048828,,,,,,,
2013-11-04,AAPL,submitted,BUY,3.0,74.29000091552734,0.0,0.0,0.0,0.0,,,,,,,
2013-11-04,MSFT,accepted,SELL,-36.0,35.529998779296875,0.0,0.0,0.0,0.0,,,,,,,
2013-11-04,MSFT,completed,SELL,-36.0,35.529998779296875,-36.0,35.59000015258789,1006.8257510974161,1.2812400054931643,,,,,,,
2013-11-04,MSFT,submitted,SELL,-36.0,35.529998779296875,0.0,0.0,0.0,0.0,,,,,,,
2013-11-04,NVDA,accepted,BUY,190.0,15.260000228881836,0.0,0.0,0.0,0.0,,,,,,,
2013-11-04,NVDA,completed,BUY,190.0,15.260000228881836,190.0,15.3100004196167,2908.900079727173,2.908900079727173,,,,,,,
2013-11-04,NVDA,submitted,BUY,190.0,15.260000228881836,0.0,0.0,0.0,0.0,,,,,,,
2013-12-03,MSFT,accepted,SELL,-34.0,38.45000076293945,0.0,0.0,0.0,0.0,,,,,,,
2013-12-03,MSFT,completed,SELL,-34.0,38.45000076293945,-34.0,38.13999938964844,950.8909871475596,1.2967599792480469,,,,,,,
2013-12-03,MSFT,submitted,SELL,-34.0,38.45000076293945,0.0,0.0,0.0,0.0,,,,,,,
2013-12-03,NVDA,margin,BUY,90.0,15.75,0.0,0.0,0.0,0.0,,,,,,,
2013-12-03,NVDA,submitted,BUY,90.0,15.75,0.0,0.0,0.0,0.0,,,,,,,
2014-01-03,AAPL,accepted,SELL,-8.0,79.01856994628906,0.0,0.0,0.0,0.0,,,,,,,
2014-01-03,AAPL,completed,SELL,-8.0,79.01856994628906,-8.0,78.9800033569336,323.7492938191276,0.6318400268554688,,,,,,,
2014-01-03,AAPL,submitted,SELL,-8.0,79.01856994628906,0.0,0.0,0.0,0.0,,,,,,,
2014-01-03,MSFT,accepted,BUY,39.0,37.15999984741211,0.0,0.0,0.0,0.0,,,,,,,
2014-01-03,MSFT,completed,BUY,39.0,37.15999984741211,39.0,37.20000076293945,1450.8000297546387,1.4508000297546386,,,,,,,
2014-01-03,MSFT,submitted,BUY,39.0,37.15999984741211,0.0,0.0,0.0,0.0,,,,,,,
2014-01-03,NVDA,margin,BUY,36.0,15.859999656677246,0.0,0.0,0.0,0.0,,,,,,,
2014-01-03,NVDA,submitted,BUY,36.0,15.859999656677246,0.0,0.0,0.0,0.0,,,,,,,
2014-02-04,AAPL,margin,BUY,37.0,71.64714050292969,0.0,0.0,0.0,0.0,,,,,,,
2014-02-04,AAPL,submitted,BUY,37.0,71.64714050292969,0.0,0.0,0.0,0.0,,,,,,,
2014-02-04,MSFT,margin,SELL,-41.0,36.47999954223633,0.0,0.0,0.0,0.0,,,,,,,
2014-02-04,MSFT,submitted,SELL,-41.0,36.47999954223633,0.0,0.0,0.0,0.0,,,,,,,
2014-02-04,NVDA,accepted,SELL,-44.0,15.489999771118164,0.0,0.0,0.0,0.0,,,,,,,
2014-02-04,NVDA,completed,SELL,-44.0,15.489999771118164,-44.0,15.479999542236328,583.5717267965979,0.6811199798583984,,,,,,,
2014-02-04,NVDA,submitted,SELL,-44.0,15.489999771118164,0.0,0.0,0.0,0.0,,,,,,,
2014-03-04,AAPL,margin,BUY,64.0,75.394287109375,0.0,0.0,0.0,0.0,,,,,,,
2014-03-04,AAPL,submitted,BUY,64.0,75.394287109375,0.0,0.0,0.0,0.0,,,,,,,
2014-03-04,MSFT,margin,BUY,36.0,37.77999877929688,0.0,0.0,0.0,0.0,,,,,,,
2014-03-04,MSFT,submitted,BUY,36.0,37.77999877929688,0.0,0.0,0.0,0.0,,,,,,,
2014-03-04,NVDA,accepted,SELL,-276.0,18.290000915527344,0.0,0.0,0.0,0.0,,,,,,,
2014-03-04,NVDA,completed,SELL,-276.0,18.290000915527344,-276.0,18.3799991607666,3660.586286269569,5.072879768371583,,,,,,,
2014-03-04,NVDA,submitted,SELL,-276.0,18.290000915527344,0.0,0.0,0.0,0.0,,,,,,,
2014-04-02,AAPL,accepted,BUY,80.0,77.37857055664062,0.0,0.0,0.0,0.0,,,,,,,
2014-04-02,AAPL,completed,BUY,80.0,77.37857055664062,80.0,77.48285675048828,6198.6285400390625,6.198628540039063,,,,,,,
2014-04-02,AAPL,submitted,BUY,80.0,77.37857055664062,0.0,0.0,0.0,0.0,,,,,,,
2014-04-02,MSFT,accepted,SELL,-36.0,41.41999816894531,0.0,0.0,0.0,0.0,,,,,,,
2014-04-02,MSFT,completed,SELL,-36.0,41.41999816894531,-36.0,41.43999862670898,1015.1779397432715,1.4918399505615234,,,,,,,
2014-04-02,MSFT,submitted,SELL,-36.0,41.41999816894531,0.0,0.0,0.0,0.0,,,,,,,
2014-04-02,NVDA,margin,BUY,84.0,18.649999618530277,0.0,0.0,0.0,0.0,,,,,,,
2014-04-02,NVDA,submitted,BUY,84.0,18.649999618530277,0.0,0.0,0.0,0.0,,,,,,,
2014-05-02,AAPL,accepted,SELL,-54.0,84.49714660644531,0.0,0.0,0.0,0.0,,,,,,,
2014-05-02,AAPL,completed,SELL,-54.0,84.49714660644531,-54.0,84.62000274658203,2382.473359049495,4.56948014831543,,,,,,,
2014-05-02,AAPL,submitted,SELL,-54.0,84.49714660644531,0.0,0.0,0.0,0.0,,,,,,,
2014-05-02,MSFT,accepted,BUY,81.0,40.0,0.0,0.0,0.0,0.0,,,,,,,
2014-05-02,MSFT,completed,BUY,81.0,40.0,81.0,40.310001373291016,3265.1101112365723,3.2651101112365724,,,,,,,
2014-05-02,MSFT,submitted,BUY,81.0,40.0,0.0,0.0,0.0,0.0,,,,,,,
2014-05-02,NVDA,margin,BUY,159.0,18.56999969482422,0.0,0.0,0.0,0.0,,,,,,,
2014-05-02,NVDA,submitted,BUY,159.0,18.56999969482422,0.0,0.0,0.0,0.0,,,,,,,
2014-06-03,AAPL,accepted,SELL,-21.0,89.80714416503906,0.0,0.0,0.0,0.0,,,,,,,
2014-06-03,AAPL,completed,SELL,-21.0,89.80714416503906,-21.0,89.77999877929688,926.5174174081368,1.8853799743652344,,,,,,,
2014-06-03,AAPL,submitted,SELL,-21.0,89.80714416503906,0.0,0.0,0.0,0.0,,,,,,,
2014-06-03,MSFT,accepted,BUY,21.0,40.790000915527344,0.0,0.0,0.0,0.0,,,,,,,
2014-06-03,MSFT,completed,BUY,21.0,40.790000915527344,21.0,40.59999847412109,852.5999679565429,0.8525999679565429,,,,,,,
2014-06-03,MSFT,submitted,BUY,21.0,40.790000915527344,0.0,0.0,0.0,0.0,,,,,,,
2014-06-03,NVDA,margin,BUY,205.0,18.940000534057617,0.0,0.0,0.0,0.0,,,,,,,
2014-06-03,NVDA,submitted,BUY,205.0,18.940000534057617,0.0,0.0,0.0,0.0,,,,,,,
2014-07-02,AAPL,accepted,SELL,-16.0,93.5199966430664,0.0,0.0,0.0,0.0,,,,,,,
2014-07-02,AAPL,completed,SELL,-16.0,93.5199966430664,-16.0,93.87000274658205,705.9180323109614,1.5019200439453129,,,,,,,
2014-07-02,AAPL,submitted,SELL,-16.0,93.5199966430664,0.0,0.0,0.0,0.0,,,,,,,
2014-07-02,MSFT,accepted,SELL,-10.0,41.869998931884766,0.0,0.0,0.0,0.0,,,,,,,
2014-07-02,MSFT,completed,SELL,-10.0,41.869998931884766,-10.0,41.72999954223633,289.66613780760747,0.4172999954223633,,,,,,,
2014-07-02,MSFT,submitted,SELL,-10.0,41.869998931884766,0.0,0.0,0.0,0.0,,,,,,,
2014-07-02,NVDA,margin,BUY,309.0,18.75,0.0,0.0,0.0,0.0,,,,,,,
2014-07-02,NVDA,submitted,BUY,309.0,18.75,0.0,0.0,0.0,0.0,,,,,,,
2014-08-04,AAPL,accepted,SELL,-19.0,96.12999725341795,0.0,0.0,0.0,0.0,,,,,,,
2014-08-04,AAPL,completed,SELL,-19.0,96.12999725341795,-19.0,96.37000274658205,838.2776633692666,1.8310300521850589,,,,,,,
2014-08-04,AAPL,submitted,SELL,-19.0,96.12999725341795,0.0,0.0,0.0,0.0,,,,,,,
2014-08-04,MSFT,accepted,SELL,-37.0,42.86000061035156,0.0,0.0,0.0,0.0,,,,,,,
2014-08-04,MSFT,completed,SELL,-37.0,42.86000061035156,-37.0,42.970001220703125,1071.7647098881475,1.5898900451660156,,,,,,,
2014-08-04,MSFT,submitted,SELL,-37.0,42.86000061035156,0.0,0.0,0.0,0.0,,,,,,,
2014-08-04,NVDA,margin,BUY,524.0,17.690000534057617,0.0,0.0,0.0,0.0,,,,,,,
2014-08-04,NVDA,submitted,BUY,524.0,17.690000534057617,0.0,0.0,0.0,0.0,,,,,,,
2014-09-03,AAPL,accepted,SELL,-2.0,103.3000030517578,0.0,0.0,0.0,0.0,,,,,,,
2014-09-03,AAPL,completed,SELL,-2.0,103.3000030517578,-2.0,103.0999984741211,88.23975403887017,0.2061999969482422,,,,,,,
2014-09-03,AAPL,submitted,SELL,-2.0,103.3000030517578,0.0,0.0,0.0,0.0,,,,,,,
2014-09-03,MSFT,accepted,BUY,29.0,45.09000015258789,0.0,0.0,0.0,0.0,,,,,,,
2014-09-03,MSFT,completed,BUY,29.0,45.09000015258789,29.0,44.52999877929688,1291.3699645996096,1.2913699645996097,,,,,,,
2014-09-03,MSFT,submitted,BUY,29.0,45.09000015258789,0.0,0.0,0.0,0.0,,,,,,,
2014-09-03,NVDA,margin,BUY,418.0,19.5,0.0,0.0,0.0,0.0,,,,,,,
2014-09-03,NVDA,submitted,BUY,418.0,19.5,0.0,0.0,0.0,0.0,,,,,,,
2014-10-02,AAPL,accepted,BUY,9.0,99.18000030517578,0.0,0.0,0.0,0.0,,,,,,,
2014-10-02,AAPL,completed,BUY,9.0,99.18000030517578,9.0,99.2699966430664,893.4299697875977,0.8934299697875978,,,,,,,
2014-10-02,AAPL,submitted,BUY,9.0,99.18000030517578,0.0,0.0,0.0,0.0,,,,,,,
2014-10-02,MSFT,accepted,SELL,-68.0,45.900001525878906,0.0,0.0,0.0,0.0,,,,,,,
2014-10-02,MSFT,completed,SELL,-68.0,45.900001525878906,-68.0,45.83000183105469,1988.9116091024262,3.116440124511719,,,,,,,
2014-10-02,MSFT,submitted,SELL,-68.0,45.900001525878906,0.0,0.0,0.0,0.0,,,,,,,
2014-10-02,NVDA,accepted,BUY,565.0,18.270000457763672,0.0,0.0,0.0,0.0,,,,,,,
2014-10-02,NVDA,completed,BUY,565.0,18.270000457763672,565.0,18.239999771118164,10305.599870681763,10.305599870681764,,,,,,,
2014-10-02,NVDA,submitted,BUY,565.0,18.270000457763672,0.0,0.0,0.0,0.0,,,,,,,
2014-11-04,AAPL,accepted,SELL,-17.0,109.4000015258789,0.0,0.0,0.0,0.0,,,,,,,
2014-11-04,AAPL,completed,SELL,-17.0,109.4000015258789,-17.0,109.36000061035156,761.9559436558422,1.8591200103759766,,,,,,,
2014-11-04,AAPL,submitted,SELL,-17.0,109.4000015258789,0.0,0.0,0.0,0.0,,,,,,,
2014-11-04,MSFT,margin,BUY,60.0,47.43999862670898,0.0,0.0,0.0,0.0,,,,,,,
2014-11-04,MSFT,submitted,BUY,60.0,47.43999862670898,0.0,0.0,0.0,0.0,,,,,,,
2014-11-04,NVDA,margin,SELL,-44.0,19.8700008392334,0.0,0.0,0.0,0.0,,,,,,,
2014-11-04,NVDA,submitted,SELL,-44.0,19.8700008392334,0.0,0.0,0.0,0.0,,,,,,,
2014-12-02,AAPL,accepted,SELL,-10.0,115.06999969482422,0.0,0.0,0.0,0.0,,,,,,,
2014-12-02,AAPL,completed,SELL,-10.0,115.06999969482422,-10.0,113.5,448.20937862108366,1.135,,,,,,,
2014-12-02,AAPL,submitted,SELL,-10.0,115.06999969482422,0.0,0.0,0.0,0.0,,,,,,,
2014-12-02,MSFT,margin,BUY,79.0,48.619998931884766,0.0,0.0,0.0,0.0,,,,,,,
2014-12-02,MSFT,submitted,BUY,79.0,48.619998931884766,0.0,0.0,0.0,0.0,,,,,,,
2014-12-02,NVDA,margin,SELL,-39.0,20.57999992370605,0.0,0.0,0.0,0.0,,,,,,,
2014-12-02,NVDA,submitted,SELL,-39.0,20.57999992370605,0.0,0.0,0.0,0.0,,,,,,,
2015-01-05,AAPL,accepted,BUY,9.0,109.33000183105467,0.0,0.0,0.0,0.0,,,,,,,
2015-01-05,AAPL,completed,BUY,9.0,109.33000183105467,9.0,108.29000091552734,974.6100082397461,0.9746100082397462,,,,,,,
2015-01-05,AAPL,submitted,BUY,9.0,109.33000183105467,0.0,0.0,0.0,0.0,,,,,,,
2015-01-05,MSFT,margin,BUY,82.0,46.7599983215332,0.0,0.0,0.0,0.0,,,,,,,
2015-01-05,MSFT,submitted,BUY,82.0,46.7599983215332,0.0,0.0,0.0,0.0,,,,,,,
2015-01-05,NVDA,accepted,SELL,-94.0,20.1299991607666,0.0,0.0,0.0,0.0,,,,,,,
2015-01-05,NVDA,completed,SELL,-94.0,20.1299991607666,-94.0,20.1299991607666,1315.4496502469258,1.8922199211120605,,,,,,,
2015-01-05,NVDA,submitted,SELL,-94.0,20.1299991607666,0.0,0.0,0.0,0.0,,,,,,,
2015-02-03,AAPL,accepted,SELL,-64.0,118.62999725341795,0.0,0.0,0.0,0.0,,,,,,,
2015-02-03,AAPL,completed,SELL,-64.0,118.62999725341795,-64.0,118.5,2921.5228932021373,7.5840000000000005,,,,,,,
2015-02-03,AAPL,submitted,SELL,-64.0,118.62999725341795,0.0,0.0,0.0,0.0,,,,,,,
2015-02-03,MSFT,accepted,BUY,265.0,41.27999877929688,0.0,0.0,0.0,0.0,,,,,,,
2015-02-03,MSFT,completed,BUY,265.0,41.27999877929688,265.0,41.630001068115234,11031.950283050537,11.031950283050538,,,,,,,
2015-02-03,MSFT,submitted,BUY,265.0,41.27999877929688,0.0,0.0,0.0,0.0,,,,,,,
2015-02-03,NVDA,margin,BUY,30.0,19.6200008392334,0.0,0.0,0.0,0.0,,,,,,,
2015-02-03,NVDA,submitted,BUY,30.0,19.6200008392334,0.0,0.0,0.0,0.0,,,,,,,
2015-03-03,AAPL,margin,BUY,6.0,129.08999633789062,0.0,0.0,0.0,0.0,,,,,,,
2015-03-03,AAPL,submitted,BUY,6.0,129.08999633789062,0.0,0.0,0.0,0.0,,,,,,,
2015-03-03,MSFT,margin,BUY,63.0,43.880001068115234,0.0,0.0,0.0,0.0,,,,,,,
2015-03-03,MSFT,submitted,BUY,63.0,43.880001068115234,0.0,0.0,0.0,0.0,,,,,,,
2015-03-03,NVDA,accepted,SELL,-139.0,22.600000381469727,0.0,0.0,0.0,0.0,,,,,,,
2015-03-03,NVDA,completed,SELL,-139.0,22.600000381469727,-139.0,22.43000030517578,1945.186184939603,3.117770042419434,,,,,,,
2015-03-03,NVDA,submitted,SELL,-139.0,22.600000381469727,0.0,0.0,0.0,0.0,,,,,,,
2015-04-02,AAPL,accepted,SELL,-7.0,124.25,0.0,0.0,0.0,0.0,,,,,,,
2015-04-02,AAPL,completed,SELL,-7.0,124.25,-7.0,125.02999877929688,319.54156644398375,0.8752099914550782,,,,,,,
2015-04-02,AAPL,submitted,SELL,-7.0,124.25,0.0,0.0,0.0,0.0,,,,,,,
2015-04-02,MSFT,accepted,BUY,89.0,40.720001220703125,0.0,0.0,0.0,0.0,,,,,,,
2015-04-02,MSFT,completed,BUY,89.0,40.720001220703125,89.0,40.65999984741211,3618.7399864196777,3.6187399864196776,,,,,,,
2015-04-02,MSFT,submitted,BUY,89.0,40.720001220703125,0.0,0.0,0.0,0.0,,,,,,,
2015-04-02,NVDA,margin,BUY,43.0,21.01000022888184,0.0,0.0,0.0,0.0,,,,,,,
2015-04-02,NVDA,submitted,BUY,43.0,21.01000022888184,0.0,0.0,0.0,0.0,,,,,,,
2015-05-04,AAPL,margin,BUY,39.0,128.9499969482422,0.0,0.0,0.0,0.0,,,,,,,
2015-05-04,AAPL,submitted,BUY,39.0,128.9499969482422,0.0,0.0,0.0,0.0,,,,,,,
2015-05-04,MSFT,accepted,SELL,-141.0,48.65999984741211,0.0,0.0,0.0,0.0,,,,,,,
2015-05-04,MSFT,completed,SELL,-141.0,48.65999984741211,-141.0,48.369998931884766,4445.290318828471,6.820169849395753,,,,,,,
2015-05-04,MSFT,submitted,SELL,-141.0,48.65999984741211,0.0,0.0,0.0,0.0,,,,,,,
2015-05-04,NVDA,margin,BUY,117.0,22.75,0.0,0.0,0.0,0.0,,,,,,,
2015-05-04,NVDA,submitted,BUY,117.0,22.75,0.0,0.0,0.0,0.0,,,,,,,
2015-06-02,AAPL,accepted,BUY,23.0,130.5399932861328,0.0,0.0,0.0,0.0,,,,,,,
2015-06-02,AAPL,completed,BUY,23.0,130.5399932861328,23.0,129.86000061035156,2986.780014038086,2.986780014038086,,,,,,,
2015-06-02,AAPL,submitted,BUY,23.0,130.5399932861328,0.0,0.0,0.0,0.0,,,,,,,
2015-06-02,MSFT,accepted,BUY,31.0,47.22999954223633,0.0,0.0,0.0,0.0,,,,,,,
2015-06-02,MSFT,completed,BUY,31.0,47.22999954223633,31.0,46.93000030517578,1454.8300094604492,1.4548300094604492,,,,,,,
2015-06-02,MSFT,submitted,BUY,31.0,47.22999954223633,0.0,0.0,0.0,0.0,,,,,,,
2015-06-02,NVDA,accepted,BUY,136.0,22.3799991607666,0.0,0.0,0.0,0.0,,,,,,,
2015-06-02,NVDA,completed,BUY,136.0,22.3799991607666,136.0,22.239999771118164,3024.6399688720703,3.0246399688720707,,,,,,,
2015-06-02,NVDA,submitted,BUY,136.0,22.3799991607666,0.0,0.0,0.0,0.0,,,,,,,
2015-07-02,AAPL,accepted,SELL,-18.0,126.5999984741211,0.0,0.0,0.0,0.0,,,,,,,
2015-07-02,AAPL,completed,SELL,-18.0,126.5999984741211,-18.0,126.43000030517578,875.9827358895562,2.2757400054931645,,,,,,,
2015-07-02,AAPL,submitted,SELL,-18.0,126.5999984741211,0.0,0.0,0.0,0.0,,,,,,,
2015-07-02,NVDA,margin,BUY,121.0,20.399999618530277,0.0,0.0,0.0,0.0,,,,,,,
2015-07-02,NVDA,submitted,BUY,121.0,20.399999618530277,0.0,0.0,0.0,0.0,,,,,,,
2015-08-04,AAPL,margin,BUY,38.0,118.44000244140624,0.0,0.0,0.0,0.0,,,,,,,
2015-08-04,AAPL,submitted,BUY,38.0,118.44000244140624,0.0,0.0,0.0,0.0,,,,,,,
2015-08-04,MSFT,accepted,SELL,-98.0,46.810001373291016,0.0,0.0,0.0,0.0,,,,,,,
2015-08-04,MSFT,completed,SELL,-98.0,46.810001373291016,-98.0,46.75,3115.9827586639085,4.5815,,,,,,,
2015-08-04,MSFT,submitted,SELL,-98.0,46.810001373291016,0.0,0.0,0.0,0.0,,,,,,,
2015-08-04,NVDA,accepted,BUY,120.0,20.290000915527344,0.0,0.0,0.0,0.0,,,,,,,
2015-08-04,NVDA,completed,BUY,120.0,20.290000915527344,120.0,20.21999931335449,2426.3999176025386,2.4263999176025384,,,,,,,
2015-08-04,NVDA,submitted,BUY,120.0,20.290000915527344,0.0,0.0,0.0,0.0,,,,,,,
2015-09-02,AAPL,margin,BUY,73.0,107.72000122070312,0.0,0.0,0.0,0.0,,,,,,,
2015-09-02,AAPL,submitted,BUY,73.0,107.72000122070312,0.0,0.0,0.0,0.0,,,,,,,
2015-09-02,MSFT,margin,BUY,118.0,41.81999969482422,0.0,0.0,0.0,0.0,,,,,,,
2015-09-02,MSFT,submitted,BUY,118.0,41.81999969482422,0.0,0.0,0.0,0.0,,,,,,,
2015-09-02,NVDA,accepted,SELL,-384.0,21.559999465942383,0.0,0.0,0.0,0.0,,,,,,,
2015-09-02,NVDA,completed,SELL,-384.0,21.559999465942383,-384.0,22.149999618530277,5559.205074975584,8.505599853515626,,,,,,,
2015-09-02,NVDA,submitted,SELL,-384.0,21.559999465942383,0.0,0.0,0.0,0.0,,,,,,,
2015-10-02,AAPL,accepted,BUY,107.0,109.58000183105467,0.0,0.0,0.0,0.0,,,,,,,
2015-10-02,AAPL,completed,BUY,107.0,109.58000183105467,107.0,108.01000213623048,11557.070228576662,11.557070228576661,,,,,,,
2015-10-02,AAPL,submitted,BUY,107.0,109.58000183105467,0.0,0.0,0.0,0.0,,,,,,,
2015-10-02,MSFT,margin,BUY,119.0,44.61000061035156,0.0,0.0,0.0,0.0,,,,,,,
2015-10-02,MSFT,submitted,BUY,119.0,44.61000061035156,0.0,0.0,0.0,0.0,,,,,,,
2015-10-02,NVDA,accepted,SELL,-167.0,24.170000076293945,0.0,0.0,0.0,0.0,,,,,,,
2015-10-02,NVDA,completed,SELL,-167.0,24.170000076293945,-167.0,24.040000915527344,2417.675123752402,4.0146801528930665,,,,,,,
2015-10-02,NVDA,submitted,SELL,-167.0,24.170000076293945,0.0,0.0,0.0,0.0,,,,,,,
2015-11-03,AAPL,accepted,BUY,35.0,121.18000030517578,0.0,0.0,0.0,0.0,,,,,,,
2015-11-03,AAPL,completed,BUY,35.0,121.18000030517578,35.0,120.79000091552734,4227.650032043457,4.227650032043457,,,,,,,
2015-11-03,AAPL,submitted,BUY,35.0,121.18000030517578,0.0,0.0,0.0,0.0,,,,,,,
2015-11-03,MSFT,margin,BUY,66.0,53.2400016784668,0.0,0.0,0.0,0.0,,,,,,,
2015-11-03,MSFT,submitted,BUY,66.0,53.2400016784668,0.0,0.0,0.0,0.0,,,,,,,
2015-11-03,NVDA,accepted,SELL,-81.0,28.700000762939453,0.0,0.0,0.0,0.0,,,,,,,
2015-11-03,NVDA,completed,SELL,-81.0,28.700000762939453,-81.0,28.530000686645508,1172.6448205026622,2.3109300556182863,,,,,,,
2015-11-03,NVDA,submitted,SELL,-81.0,28.700000762939453,0.0,0.0,0.0,0.0,,,,,,,
2015-12-02,AAPL,margin,BUY,63.0,117.33999633789062,0.0,0.0,0.0,0.0,,,,,,,
2015-12-02,AAPL,submitted,BUY,63.0,117.33999633789062,0.0,0.0,0.0,0.0,,,,,,,
2015-12-02,MSFT,margin,BUY,85.0,55.220001220703125,0.0,0.0,0.0,0.0,,,,,,,
2015-12-02,MSFT,submitted,BUY,85.0,55.220001220703125,0.0,0.0,0.0,0.0,,,,,,,
2015-12-02,NVDA,accepted,SELL,-263.0,32.75,0.0,0.0,0.0,0.0,,,,,,,
2015-12-02,NVDA,completed,SELL,-263.0,32.75,-263.0,32.79999923706055,3807.476392496298,8.626399799346924,,,,,,,
2015-12-02,NVDA,submitted,SELL,-263.0,32.75,0.0,0.0,0.0,0.0,,,,,,,
2016-01-05,AAPL,margin,BUY,123.0,105.3499984741211,0.0,0.0,0.0,0.0,,,,,,,
2016-01-05,AAPL,submitted,BUY,123.0,105.3499984741211,0.0,0.0,0.0,0.0,,,,,,,
2016-01-05,MSFT,margin,BUY,32.0,54.79999923706055,0.0,0.0,0.0,0.0,,,,,,,
2016-01-05,MSFT,submitted,BUY,32.0,54.79999923706055,0.0,0.0,0.0,0.0,,,,,,,
2016-01-05,NVDA,accepted,SELL,-78.0,32.369998931884766,0.0,0.0,0.0,0.0,,,,,,,
2016-01-05,NVDA,completed,SELL,-78.0,32.369998931884766,-78.0,32.97999954223633,1129.2135308544155,2.572439964294434,,,,,,,
2016-01-05,NVDA,submitted,SELL,-78.0,32.369998931884766,0.0,0.0,0.0,0.0,,,,,,,
2016-02-02,AAPL,accepted,BUY,151.0,96.43000030517578,0.0,0.0,0.0,0.0,,,,,,,
2016-02-02,AAPL,completed,BUY,151.0,96.43000030517578,151.0,95.41999816894533,14408.419723510744,14.408419723510743,,,,,,,
2016-02-02,AAPL,submitted,BUY,151.0,96.43000030517578,0.0,0.0,0.0,0.0,,,,,,,
2016-02-02,MSFT,accepted,SELL,-61.0,54.709999084472656,0.0,0.0,0.0,0.0,,,,,,,
2016-02-02,MSFT,completed,SELL,-61.0,54.709999084472656,-61.0,54.16999816894531,1939.5402885561064,3.304369888305664,,,,,,,
2016-02-02,MSFT,submitted,SELL,-61.0,54.709999084472656,0.0,0.0,0.0,0.0,,,,,,,
2016-02-02,NVDA,margin,BUY,122.0,29.299999237060547,0.0,0.0,0.0,0.0,,,,,,,
2016-02-02,NVDA,submitted,BUY,122.0,29.299999237060547,0.0,0.0,0.0,0.0,,,,,,,
2016-03-02,AAPL,accepted,SELL,-2.0,100.52999877929688,0.0,0.0,0.0,0.0,,,,,,,
2016-03-02,AAPL,completed,SELL,-2.0,100.52999877929688,-2.0,100.51000213623048,132.0840599672166,0.20102000427246097,,,,,,,
2016-03-02,AAPL,submitted,SELL,-2.0,100.52999877929688,0.0,0.0,0.0,0.0,,,,,,,
2016-03-02,MSFT,margin,BUY,131.0,52.58000183105469,0.0,0.0,0.0,0.0,,,,,,,
2016-03-02,MSFT,submitted,BUY,131.0,52.58000183105469,0.0,0.0,0.0,0.0,,,,,,,
2016-03-02,NVDA,margin,SELL,-89.0,32.75,0.0,0.0,0.0,0.0,,,,,,,
2016-03-02,NVDA,submitted,SELL,-89.0,32.75,0.0,0.0,0.0,0.0,,,,,,,
2016-04-04,AAPL,accepted,SELL,-8.0,109.98999786376952,0.0,0.0,0.0,0.0,,,,,,,
2016-04-04,AAPL,completed,SELL,-8.0,109.98999786376952,-8.0,110.41999816894533,528.3362398688664,0.8833599853515627,,,,,,,
2016-04-04,AAPL,submitted,SELL,-8.0,109.98999786376952,0.0,0.0,0.0,0.0,,,,,,,
2016-04-04,MSFT,margin,BUY,176.0,55.56999969482422,0.0,0.0,0.0,0.0,,,,,,,
2016-04-04,MSFT,submitted,BUY,176.0,55.56999969482422,0.0,0.0,0.0,0.0,,,,,,,
2016-04-04,NVDA,margin,SELL,-138.0,36.150001525878906,0.0,0.0,0.0,0.0,,,,,,,
2016-04-04,NVDA,submitted,SELL,-138.0,36.150001525878906,0.0,0.0,0.0,0.0,,,,,,,
2016-05-03,AAPL,margin,BUY,74.0,93.63999938964844,0.0,0.0,0.0,0.0,,,,,,,
2016-05-03,AAPL,submitted,BUY,74.0,93.63999938964844,0.0,0.0,0.0,0.0,,,,,,,
2016-05-03,MSFT,margin,BUY,199.0,50.61000061035156,0.0,0.0,0.0,0.0,,,,,,,
2016-05-03,MSFT,submitted,BUY,199.0,50.61000061035156,0.0,0.0,0.0,0.0,,,,,,,
2016-05-03,NVDA,accepted,SELL,-342.0,36.0,0.0,0.0,0.0,0.0,,,,,,,
2016-05-03,NVDA,completed,SELL,-342.0,36.0,-342.0,35.59000015258789,4951.167019900129,12.17178005218506,,,,,,,
2016-05-03,NVDA,submitted,SELL,-342.0,36.0,0.0,0.0,0.0,0.0,,,,,,,
2016-06-02,AAPL,accepted,BUY,146.0,98.45999908447266,0.0,0.0,0.0,0.0,,,,,,,
2016-06-02,AAPL,completed,BUY,146.0,98.45999908447266,146.0,97.5999984741211,14249.59977722168,14.249599777221679,,,,,,,
2016-06-02,AAPL,submitted,BUY,146.0,98.45999908447266,0.0,0.0,0.0,0.0,,,,,,,
2016-06-02,MSFT,margin,BUY,346.0,52.84999847412109,0.0,0.0,0.0,0.0,,,,,,,
2016-06-02,MSFT,submitted,BUY,346.0,52.84999847412109,0.0,0.0,0.0,0.0,,,,,,,
2016-06-02,NVDA,margin,SELL,-337.0,46.810001373291016,0.0,0.0,0.0,0.0,,,,,,,
2016-06-02,NVDA,submitted,SELL,-337.0,46.810001373291016,0.0,0.0,0.0,0.0,,,,,,,
2016-07-05,AAPL,accepted,BUY,9.0,95.88999938964844,0.0,0.0,0.0,0.0,,,,,,,
2016-07-05,AAPL,completed,BUY,9.0,95.88999938964844,9.0,95.38999938964844,858.5099945068359,0.8585099945068361,,,,,,,
2016-07-05,AAPL,submitted,BUY,9.0,95.88999938964844,0.0,0.0,0.0,0.0,,,,,,,
2016-07-05,MSFT,margin,BUY,373.0,51.15999984741211,0.0,0.0,0.0,0.0,,,,,,,
2016-07-05,MSFT,submitted,BUY,373.0,51.15999984741211,0.0,0.0,0.0,0.0,,,,,,,
2016-07-05,NVDA,margin,SELL,-371.0,46.65999984741211,0.0,0.0,0.0,0.0,,,,,,,
2016-07-05,NVDA,submitted,SELL,-371.0,46.65999984741211,0.0,0.0,0.0,0.0,,,,,,,
2016-08-02,AAPL,margin,BUY,40.0,106.0500030517578,0.0,0.0,0.0,0.0,,,,,,,
2016-08-02,AAPL,submitted,BUY,40.0,106.0500030517578,0.0,0.0,0.0,0.0,,,,,,,
2016-08-02,MSFT,margin,BUY,449.0,56.58000183105469,0.0,0.0,0.0,0.0,,,,,,,
2016-08-02,MSFT,submitted,BUY,449.0,56.58000183105469,0.0,0.0,0.0,0.0,,,,,,,
2016-08-02,NVDA,accepted,SELL,-492.0,56.72999954223633,0.0,0.0,0.0,0.0,,,,,,,
2016-08-02,NVDA,completed,SELL,-492.0,56.72999954223633,-492.0,57.0,7122.731502312467,28.044,,,,,,,
2016-08-02,NVDA,submitted,SELL,-492.0,56.72999954223633,0.0,0.0,0.0,0.0,,,,,,,
2016-09-02,AAPL,accepted,BUY,82.0,106.7300033569336,0.0,0.0,0.0,0.0,,,,,,,
2016-09-02,AAPL,completed,BUY,82.0,106.7300033569336,82.0,107.69999694824222,8831.399749755861,8.83139974975586,,,,,,,
2016-09-02,AAPL,submitted,BUY,82.0,106.7300033569336,0.0,0.0,0.0,0.0,,,,,,,
2016-09-02,MSFT,margin,BUY,504.0,57.59000015258789,0.0,0.0,0.0,0.0,,,,,,,
2016-09-02,MSFT,submitted,BUY,504.0,57.59000015258789,0.0,0.0,0.0,0.0,,,,,,,
2016-09-02,NVDA,accepted,SELL,-127.0,63.150001525878906,0.0,0.0,0.0,0.0,,,,,,,
2016-09-02,NVDA,completed,SELL,-127.0,63.150001525878906,-127.0,63.27999877929688,1838.591261775779,8.036559844970704,,,,,,,
2016-09-02,NVDA,submitted,SELL,-127.0,63.150001525878906,0.0,0.0,0.0,0.0,,,,,,,
2016-10-04,AAPL,accepted,SELL,-9.0,112.5199966430664,0.0,0.0,0.0,0.0,,,,,,,
2016-10-04,AAPL,completed,SELL,-9.0,112.5199966430664,-9.0,113.05999755859376,659.5775143789807,1.017539978027344,,,,,,,
2016-10-04,AAPL,submitted,SELL,-9.0,112.5199966430664,0.0,0.0,0.0,0.0,,,,,,,
2016-10-04,MSFT,margin,BUY,606.0,57.41999816894531,0.0,0.0,0.0,0.0,,,,,,,
2016-10-04,MSFT,submitted,BUY,606.0,57.41999816894531,0.0,0.0,0.0,0.0,,,,,,,
2016-10-04,NVDA,margin,SELL,-69.0,68.44999694824219,0.0,0.0,0.0,0.0,,,,,,,
2016-10-04,NVDA,submitted,SELL,-69.0,68.44999694824219,0.0,0.0,0.0,0.0,,,,,,,
2016-11-02,AAPL,accepted,BUY,21.0,111.48999786376952,0.0,0.0,0.0,0.0,,,,,,,
2016-11-02,AAPL,completed,BUY,21.0,111.48999786376952,21.0,111.4000015258789,2339.400032043457,2.339400032043457,,,,,,,
2016-11-02,AAPL,submitted,BUY,21.0,111.48999786376952,0.0,0.0,0.0,0.0,,,,,,,
2016-11-02,MSFT,margin,BUY,539.0,59.79999923706055,0.0,0.0,0.0,0.0,,,,,,,
2016-11-02,MSFT,submitted,BUY,539.0,59.79999923706055,0.0,0.0,0.0,0.0,,,,,,,
2016-11-02,NVDA,accepted,SELL,-67.0,69.05000305175781,0.0,0.0,0.0,0.0,,,,,,,
2016-11-02,NVDA,completed,SELL,-67.0,69.05000305175781,-67.0,69.58000183105469,969.9654688108441,4.661860122680665,,,,,,,
2016-11-02,NVDA,submitted,SELL,-67.0,69.05000305175781,0.0,0.0,0.0,0.0,,,,,,,
2016-12-02,AAPL,accepted,BUY,117.0,109.48999786376952,0.0,0.0,0.0,0.0,,,,,,,
2016-12-02,AAPL,completed,BUY,117.0,109.48999786376952,117.0,109.16999816894533,12772.889785766603,12.772889785766605,,,,,,,
2016-12-02,AAPL,submitted,BUY,117.0,109.48999786376952,0.0,0.0,0.0,0.0,,,,,,,
2016-12-02,MSFT,margin,BUY,738.0,59.20000076293945,0.0,0.0,0.0,0.0,,,,,,,
2016-12-02,MSFT,submitted,BUY,738.0,59.20000076293945,0.0,0.0,0.0,0.0,,,,,,,
2016-12-02,NVDA,margin,SELL,-276.0,87.63999938964844,0.0,0.0,0.0,0.0,,,,,,,
2016-12-02,NVDA,submitted,SELL,-276.0,87.63999938964844,0.0,0.0,0.0,0.0,,,,,,,
2017-01-04,AAPL,accepted,BUY,44.0,116.1500015258789,0.0,0.0,0.0,0.0,,,,,,,
2017-01-04,AAPL,completed,BUY,44.0,116.1500015258789,44.0,115.8499984741211,5097.399932861328,5.097399932861328,,,,,,,
2017-01-04,AAPL,submitted,BUY,44.0,116.1500015258789,0.0,0.0,0.0,0.0,,,,,,,
2017-01-04,MSFT,margin,BUY,828.0,62.58000183105469,0.0,0.0,0.0,0.0,,,,,,,
2017-01-04,MSFT,submitted,BUY,828.0,62.58000183105469,0.0,0.0,0.0,0.0,,,,,,,
2017-01-04,NVDA,margin,SELL,-367.0,102.01000213623048,0.0,0.0,0.0,0.0,,,,,,,
2017-01-04,NVDA,submitted,SELL,-367.0,102.01000213623048,0.0,0.0,0.0,0.0,,,,,,,
2017-02-02,AAPL,accepted,SELL,-23.0,128.75,0.0,0.0,0.0,0.0,,,,,,,
2017-02-02,AAPL,completed,SELL,-23.0,128.75,-23.0,127.9800033569336,1805.5915625792852,2.9435400772094726,,,,,,,
2017-02-02,AAPL,submitted,SELL,-23.0,128.75,0.0,0.0,0.0,0.0,,,,,,,
2017-02-02,MSFT,margin,BUY,1002.0,63.58000183105469,0.0,0.0,0.0,0.0,,,,,,,
2017-02-02,MSFT,submitted,BUY,1002.0,63.58000183105469,0.0,0.0,0.0,0.0,,,,,,,
2017-02-02,NVDA,margin,SELL,-406.0,113.9499969482422,0.0,0.0,0.0,0.0,,,,,,,
2017-02-02,NVDA,submitted,SELL,-406.0,113.9499969482422,0.0,0.0,0.0,0.0,,,,,,,
2017-03-02,AAPL,accepted,SELL,-112.0,139.7899932861328,0.0,0.0,0.0,0.0,,,,,,,
2017-03-02,AAPL,completed,SELL,-112.0,139.7899932861328,-112.0,140.0,8792.445869951302,15.68,,,,,,,
2017-03-02,AAPL,submitted,SELL,-112.0,139.7899932861328,0.0,0.0,0.0,0.0,,,,,,,
2017-03-02,MSFT,margin,BUY,925.0,64.94000244140625,0.0,0.0,0.0,0.0,,,,,,,
2017-03-02,MSFT,submitted,BUY,925.0,64.94000244140625,0.0,0.0,0.0,0.0,,,,,,,
2017-03-02,NVDA,margin,SELL,-261.0,102.79000091552734,0.0,0.0,0.0,0.0,,,,,,,
2017-03-02,NVDA,submitted,SELL,-261.0,102.79000091552734,0.0,0.0,0.0,0.0,,,,,,,
2017-04-04,AAPL,accepted,BUY,4.0,143.6999969482422,0.0,0.0,0.0,0.0,,,,,,,
2017-04-04,AAPL,completed,BUY,4.0,143.6999969482422,4.0,143.25,573.0,0.5730000000000001,,,,,,,
2017-04-04,AAPL,submitted,BUY,4.0,143.6999969482422,0.0,0.0,0.0,0.0,,,,,,,
2017-04-04,MSFT,margin,BUY,983.0,65.55000305175781,0.0,0.0,0.0,0.0,,,,,,,
2017-04-04,MSFT,submitted,BUY,983.0,65.55000305175781,0.0,0.0,0.0,0.0,,,,,,,
2017-04-04,NVDA,margin,SELL,-295.0,108.37999725341795,0.0,0.0,0.0,0.0,,,,,,,
2017-04-04,NVDA,submitted,SELL,-295.0,108.37999725341795,0.0,0.0,0.0,0.0,,,,,,,
2017-05-02,AAPL,TRADE_CLOSED,CLOSE,,,,,,398.23837042236335,0.0,78.72234866811039,,123172.02673339844,122773.78836297608,516862.80814608757,516862.80814608757
2017-05-02,AAPL,accepted,SELL,-1186.0,146.5800018310547,0.0,0.0,0.0,0.0,,,,,,,
2017-05-02,AAPL,completed,SELL,-1186.0,146.5800018310547,-1186.0,147.5399932861328,93364.70552037892,174.9824320373535,,,,,,,
2017-05-02,AAPL,submitted,SELL,-1186.0,146.5800018310547,0.0,0.0,0.0,0.0,,,,,,,
2017-05-02,MSFT,TRADE_CLOSED,CLOSE,,,,,,248.2358997707367,0.0,31.795742435346007,,70447.01746559143,70198.7815658207,516862.80814608757,516862.80814608757
2017-05-02,MSFT,accepted,SELL,-1617.0,69.41000366210938,0.0,0.0,0.0,0.0,,,,,,,
2017-05-02,MSFT,completed,SELL,-1617.0,69.41000366210938,-1617.0,69.70999908447266,51413.71551795449,112.72106851959228,,,,,,,
2017-05-02,MSFT,submitted,SELL,-1617.0,69.41000366210938,0.0,0.0,0.0,0.0,,,,,,,
2017-05-02,NVDA,TRADE_CLOSED,CLOSE,,,,,,376.21853357887267,0.0,14.477096549415583,,224266.45675086972,223890.23821729084,516862.80814608757,516862.80814608757
2017-05-02,NVDA,accepted,SELL,-1868.0,106.63999938964844,0.0,0.0,0.0,0.0,,,,,,,
2017-05-02,NVDA,completed,SELL,-1868.0,106.63999938964844,-1868.0,105.5500030517578,27043.216354308308,197.1674057006836,,,,,,,
2017-05-02,NVDA,submitted,SELL,-1868.0,106.63999938964844,0.0,0.0,0.0,0.0,,,,,,,
